Id,Expected
0,neutral
1,disgust
2,surprise
3,neutral
4,fear
5,neutral
6,neutral
7,neutral
8,joy
9,non-neutral
10,non-neutral
11,neutral
12,joy
13,joy
14,surprise
15,surprise
16,sadness
17,surprise
18,non-neutral
19,non-neutral
20,neutral
21,neutral
22,surprise
23,neutral
24,joy
25,neutral
26,neutral
27,joy
28,neutral
29,neutral
30,neutral
31,neutral
32,neutral
33,neutral
34,neutral
35,neutral
36,neutral
37,joy
38,surprise
39,neutral
40,neutral
41,joy
42,surprise
43,neutral
44,neutral
45,surprise
46,neutral
47,non-neutral
48,neutral
49,neutral
50,neutral
51,non-neutral
52,neutral
53,neutral
54,neutral
55,neutral
56,surprise
57,neutral
58,neutral
59,neutral
60,joy
61,surprise
62,surprise
63,neutral
64,neutral
65,fear
66,disgust
67,surprise
68,neutral
69,surprise
70,non-neutral
71,neutral
72,sadness
73,neutral
74,neutral
75,anger
76,surprise
77,anger
78,neutral
79,sadness
80,neutral
81,surprise
82,joy
83,neutral
84,neutral
85,non-neutral
86,joy
87,joy
88,surprise
89,neutral
90,neutral
91,neutral
92,neutral
93,neutral
94,neutral
95,sadness
96,neutral
97,joy
98,neutral
99,fear
100,neutral
101,neutral
102,non-neutral
103,disgust
104,disgust
105,neutral
106,neutral
107,non-neutral
108,neutral
109,neutral
110,non-neutral
111,anger
112,neutral
113,surprise
114,surprise
115,neutral
116,surprise
117,neutral
118,neutral
119,joy
120,surprise
121,neutral
122,surprise
123,joy
124,joy
125,neutral
126,non-neutral
127,joy
128,neutral
129,neutral
130,neutral
131,surprise
132,non-neutral
133,surprise
134,non-neutral
135,joy
136,neutral
137,non-neutral
138,neutral
139,non-neutral
140,non-neutral
141,neutral
142,joy
143,anger
144,neutral
145,neutral
146,surprise
147,non-neutral
148,surprise
149,surprise
150,joy
151,disgust
152,anger
153,neutral
154,surprise
155,neutral
156,neutral
157,surprise
158,neutral
159,non-neutral
160,anger
161,surprise
162,neutral
163,neutral
164,joy
165,neutral
166,non-neutral
167,neutral
168,neutral
169,fear
170,surprise
171,neutral
172,neutral
173,neutral
174,surprise
175,neutral
176,non-neutral
177,fear
178,neutral
179,non-neutral
180,surprise
181,neutral
182,neutral
183,neutral
184,neutral
185,surprise
186,neutral
187,surprise
188,sadness
189,surprise
190,sadness
191,joy
192,neutral
193,joy
194,neutral
195,neutral
196,neutral
197,neutral
198,neutral
199,joy
200,joy
201,joy
202,joy
203,neutral
204,non-neutral
205,non-neutral
206,joy
207,non-neutral
208,anger
209,neutral
210,non-neutral
211,neutral
212,non-neutral
213,neutral
214,surprise
215,neutral
216,neutral
217,neutral
218,neutral
219,neutral
220,non-neutral
221,neutral
222,neutral
223,neutral
224,neutral
225,anger
226,sadness
227,non-neutral
228,neutral
229,neutral
230,sadness
231,neutral
232,neutral
233,neutral
234,neutral
235,surprise
236,sadness
237,disgust
238,fear
239,anger
240,neutral
241,neutral
242,non-neutral
243,non-neutral
244,non-neutral
245,neutral
246,surprise
247,neutral
248,neutral
249,joy
250,surprise
251,joy
252,joy
253,surprise
254,surprise
255,non-neutral
256,joy
257,neutral
258,joy
259,neutral
260,neutral
261,neutral
262,disgust
263,neutral
264,neutral
265,joy
266,non-neutral
267,neutral
268,surprise
269,neutral
270,neutral
271,neutral
272,joy
273,non-neutral
274,joy
275,neutral
276,non-neutral
277,neutral
278,neutral
279,surprise
280,neutral
281,neutral
282,neutral
283,neutral
284,neutral
285,neutral
286,disgust
287,joy
288,joy
289,neutral
290,neutral
291,non-neutral
292,neutral
293,neutral
294,neutral
295,joy
296,neutral
297,sadness
298,joy
299,neutral
300,surprise
301,sadness
302,neutral
303,joy
304,joy
305,sadness
306,surprise
307,neutral
308,joy
309,neutral
310,neutral
311,joy
312,neutral
313,anger
314,neutral
315,neutral
316,neutral
317,sadness
318,neutral
319,neutral
320,neutral
321,surprise
322,surprise
323,non-neutral
324,non-neutral
325,non-neutral
326,non-neutral
327,non-neutral
328,joy
329,neutral
330,neutral
331,surprise
332,non-neutral
333,disgust
334,non-neutral
335,disgust
336,neutral
337,neutral
338,neutral
339,non-neutral
340,neutral
341,neutral
342,neutral
343,surprise
344,joy
345,non-neutral
346,joy
347,neutral
348,non-neutral
349,neutral
350,non-neutral
351,surprise
352,non-neutral
353,surprise
354,surprise
355,joy
356,neutral
357,neutral
358,neutral
359,neutral
360,neutral
361,surprise
362,joy
363,joy
364,joy
365,non-neutral
366,neutral
367,neutral
368,neutral
369,fear
370,neutral
371,neutral
372,neutral
373,neutral
374,neutral
375,non-neutral
376,neutral
377,neutral
378,joy
379,joy
380,joy
381,neutral
382,neutral
383,joy
384,joy
385,non-neutral
386,surprise
387,neutral
388,neutral
389,neutral
390,surprise
391,neutral
392,surprise
393,neutral
394,neutral
395,neutral
396,neutral
397,sadness
398,neutral
399,neutral
400,non-neutral
401,joy
402,anger
403,disgust
404,neutral
405,non-neutral
406,non-neutral
407,neutral
408,neutral
409,neutral
410,neutral
411,neutral
412,neutral
413,neutral
414,neutral
415,non-neutral
416,sadness
417,sadness
418,sadness
419,non-neutral
420,neutral
421,neutral
422,anger
423,surprise
424,non-neutral
425,neutral
426,surprise
427,non-neutral
428,joy
429,neutral
430,non-neutral
431,neutral
432,neutral
433,neutral
434,neutral
435,neutral
436,neutral
437,neutral
438,neutral
439,neutral
440,neutral
441,neutral
442,neutral
443,neutral
444,joy
445,neutral
446,non-neutral
447,neutral
448,neutral
449,sadness
450,neutral
451,non-neutral
452,neutral
453,neutral
454,fear
455,neutral
456,anger
457,anger
458,non-neutral
459,neutral
460,joy
461,non-neutral
462,neutral
463,neutral
464,neutral
465,neutral
466,fear
467,non-neutral
468,neutral
469,non-neutral
470,neutral
471,neutral
472,surprise
473,anger
474,neutral
475,non-neutral
476,non-neutral
477,joy
478,anger
479,neutral
480,sadness
481,anger
482,neutral
483,neutral
484,joy
485,neutral
486,neutral
487,neutral
488,non-neutral
489,surprise
490,neutral
491,neutral
492,surprise
493,neutral
494,surprise
495,surprise
496,joy
497,neutral
498,surprise
499,neutral
500,sadness
501,non-neutral
502,neutral
503,surprise
504,surprise
505,surprise
506,neutral
507,neutral
508,joy
509,neutral
510,anger
511,sadness
512,neutral
513,joy
514,non-neutral
515,surprise
516,neutral
517,non-neutral
518,surprise
519,neutral
520,non-neutral
521,surprise
522,neutral
523,neutral
524,neutral
525,neutral
526,neutral
527,neutral
528,neutral
529,neutral
530,neutral
531,non-neutral
532,joy
533,non-neutral
534,surprise
535,anger
536,anger
537,non-neutral
538,neutral
539,non-neutral
540,non-neutral
541,neutral
542,surprise
543,neutral
544,neutral
545,neutral
546,surprise
547,joy
548,non-neutral
549,neutral
550,surprise
551,neutral
552,sadness
553,neutral
554,neutral
555,disgust
556,surprise
557,neutral
558,neutral
559,surprise
560,neutral
561,neutral
562,surprise
563,neutral
564,joy
565,neutral
566,joy
567,surprise
568,neutral
569,joy
570,surprise
571,neutral
572,surprise
573,joy
574,surprise
575,neutral
576,surprise
577,neutral
578,neutral
579,surprise
580,neutral
581,neutral
582,joy
583,joy
584,surprise
585,joy
586,surprise
587,neutral
588,neutral
589,neutral
590,surprise
591,disgust
592,anger
593,surprise
594,non-neutral
595,anger
596,surprise
597,neutral
598,anger
599,disgust
600,neutral
601,neutral
602,neutral
603,joy
604,joy
605,surprise
606,surprise
607,neutral
608,non-neutral
609,neutral
610,neutral
611,fear
612,non-neutral
613,neutral
614,disgust
615,non-neutral
616,non-neutral
617,neutral
618,non-neutral
619,non-neutral
620,neutral
621,non-neutral
622,surprise
623,neutral
624,anger
625,non-neutral
626,joy
627,joy
628,joy
629,joy
630,fear
631,neutral
632,neutral
633,anger
634,non-neutral
635,neutral
636,surprise
637,surprise
638,neutral
639,neutral
640,sadness
641,neutral
642,non-neutral
643,neutral
644,non-neutral
645,joy
646,surprise
647,joy
648,surprise
649,sadness
650,neutral
651,joy
652,non-neutral
653,neutral
654,joy
655,joy
656,neutral
657,neutral
658,neutral
659,neutral
660,surprise
661,neutral
662,neutral
663,neutral
664,neutral
665,sadness
666,neutral
667,neutral
668,non-neutral
669,surprise
670,surprise
671,non-neutral
672,neutral
673,neutral
674,surprise
675,sadness
676,fear
677,neutral
678,neutral
679,neutral
680,surprise
681,sadness
682,neutral
683,surprise
684,neutral
685,surprise
686,neutral
687,neutral
688,neutral
689,joy
690,neutral
691,surprise
692,non-neutral
693,non-neutral
694,neutral
695,neutral
696,neutral
697,surprise
698,surprise
699,surprise
700,neutral
701,neutral
702,joy
703,joy
704,joy
705,anger
706,non-neutral
707,anger
708,joy
709,sadness
710,neutral
711,non-neutral
712,joy
713,neutral
714,neutral
715,neutral
716,neutral
717,neutral
718,joy
719,joy
720,neutral
721,non-neutral
722,surprise
723,joy
724,surprise
725,surprise
726,surprise
727,disgust
728,non-neutral
729,surprise
730,neutral
731,neutral
732,disgust
733,non-neutral
734,non-neutral
735,neutral
736,non-neutral
737,non-neutral
738,joy
739,surprise
740,surprise
741,neutral
742,neutral
743,joy
744,joy
745,sadness
746,sadness
747,non-neutral
748,surprise
749,joy
750,surprise
751,neutral
752,non-neutral
753,neutral
754,neutral
755,neutral
756,neutral
757,neutral
758,neutral
759,anger
760,neutral
761,neutral
762,neutral
763,non-neutral
764,neutral
765,neutral
766,fear
767,anger
768,neutral
769,joy
770,neutral
771,neutral
772,neutral
773,neutral
774,neutral
775,anger
776,joy
777,anger
778,anger
779,non-neutral
780,anger
781,neutral
782,non-neutral
783,neutral
784,neutral
785,neutral
786,non-neutral
787,surprise
788,neutral
789,neutral
790,neutral
791,neutral
792,neutral
793,surprise
794,anger
795,neutral
796,neutral
797,joy
798,surprise
799,neutral
800,disgust
801,neutral
802,sadness
803,anger
804,neutral
805,neutral
806,neutral
807,non-neutral
808,neutral
809,neutral
810,sadness
811,neutral
812,neutral
813,neutral
814,non-neutral
815,anger
816,surprise
817,non-neutral
818,non-neutral
819,non-neutral
820,non-neutral
821,non-neutral
822,joy
823,neutral
824,joy
825,neutral
826,joy
827,joy
828,joy
829,neutral
830,joy
831,neutral
832,neutral
833,neutral
834,neutral
835,neutral
836,sadness
837,sadness
838,joy
839,neutral
840,neutral
841,neutral
842,sadness
843,neutral
844,neutral
845,neutral
846,neutral
847,joy
848,neutral
849,neutral
850,neutral
851,neutral
852,neutral
853,neutral
854,neutral
855,anger
856,neutral
857,surprise
858,neutral
859,non-neutral
860,neutral
861,fear
862,disgust
863,surprise
864,non-neutral
865,neutral
866,neutral
867,neutral
868,neutral
869,joy
870,surprise
871,surprise
872,neutral
873,neutral
874,non-neutral
875,surprise
876,neutral
877,surprise
878,surprise
879,neutral
880,anger
881,joy
882,neutral
883,surprise
884,neutral
885,joy
886,neutral
887,neutral
888,anger
889,neutral
890,non-neutral
891,non-neutral
892,joy
893,neutral
894,neutral
895,surprise
896,neutral
897,neutral
898,neutral
899,neutral
900,surprise
901,neutral
902,neutral
903,joy
904,neutral
905,surprise
906,neutral
907,neutral
908,neutral
909,neutral
910,neutral
911,fear
912,non-neutral
913,neutral
914,neutral
915,neutral
916,joy
917,surprise
918,surprise
919,neutral
920,neutral
921,neutral
922,neutral
923,non-neutral
924,neutral
925,neutral
926,neutral
927,non-neutral
928,neutral
929,surprise
930,joy
931,joy
932,joy
933,neutral
934,joy
935,surprise
936,neutral
937,surprise
938,neutral
939,anger
940,neutral
941,neutral
942,neutral
943,neutral
944,surprise
945,neutral
946,neutral
947,neutral
948,neutral
949,neutral
950,neutral
951,neutral
952,surprise
953,surprise
954,non-neutral
955,neutral
956,non-neutral
957,surprise
958,surprise
959,neutral
960,joy
961,neutral
962,surprise
963,surprise
964,neutral
965,neutral
966,surprise
967,surprise
968,neutral
969,joy
970,joy
971,neutral
972,sadness
973,neutral
974,neutral
975,anger
976,neutral
977,surprise
978,neutral
979,neutral
980,neutral
981,non-neutral
982,non-neutral
983,neutral
984,neutral
985,surprise
986,surprise
987,joy
988,surprise
989,joy
990,joy
991,neutral
992,sadness
993,non-neutral
994,neutral
995,neutral
996,anger
997,surprise
998,neutral
999,surprise
1000,anger
1001,anger
1002,surprise
1003,fear
1004,joy
1005,neutral
1006,neutral
1007,neutral
1008,surprise
1009,non-neutral
1010,neutral
1011,neutral
1012,surprise
1013,surprise
1014,non-neutral
1015,neutral
1016,non-neutral
1017,surprise
1018,neutral
1019,anger
1020,neutral
1021,neutral
1022,neutral
1023,sadness
1024,neutral
1025,neutral
1026,surprise
1027,neutral
1028,non-neutral
1029,surprise
1030,joy
1031,neutral
1032,non-neutral
1033,non-neutral
1034,neutral
1035,neutral
1036,joy
1037,neutral
1038,joy
1039,non-neutral
1040,neutral
1041,neutral
1042,neutral
1043,joy
1044,neutral
1045,surprise
1046,surprise
1047,non-neutral
1048,non-neutral
1049,neutral
1050,neutral
1051,non-neutral
1052,neutral
1053,neutral
1054,neutral
1055,non-neutral
1056,neutral
1057,non-neutral
1058,neutral
1059,neutral
1060,neutral
1061,neutral
1062,surprise
1063,neutral
1064,neutral
1065,non-neutral
1066,joy
1067,surprise
1068,joy
1069,joy
1070,surprise
1071,surprise
1072,surprise
1073,surprise
1074,disgust
1075,disgust
1076,surprise
1077,neutral
1078,neutral
1079,neutral
1080,disgust
1081,neutral
1082,neutral
1083,non-neutral
1084,neutral
1085,neutral
1086,neutral
1087,anger
1088,joy
1089,anger
1090,sadness
1091,neutral
1092,joy
1093,neutral
1094,non-neutral
1095,neutral
1096,neutral
1097,neutral
1098,non-neutral
1099,neutral
1100,sadness
1101,non-neutral
1102,neutral
1103,neutral
1104,sadness
1105,neutral
1106,neutral
1107,neutral
1108,neutral
1109,neutral
1110,joy
1111,sadness
1112,surprise
1113,neutral
1114,surprise
1115,neutral
1116,neutral
1117,sadness
1118,joy
1119,neutral
1120,neutral
1121,non-neutral
1122,neutral
1123,disgust
1124,neutral
1125,neutral
1126,neutral
1127,joy
1128,neutral
1129,neutral
1130,neutral
1131,neutral
1132,neutral
1133,neutral
1134,neutral
1135,non-neutral
1136,non-neutral
1137,joy
1138,non-neutral
1139,joy
1140,neutral
1141,joy
1142,joy
1143,non-neutral
1144,neutral
1145,neutral
1146,neutral
1147,joy
1148,neutral
1149,surprise
1150,surprise
1151,neutral
1152,surprise
1153,surprise
1154,neutral
1155,non-neutral
1156,sadness
1157,anger
1158,neutral
1159,non-neutral
1160,neutral
1161,non-neutral
1162,anger
1163,non-neutral
1164,non-neutral
1165,neutral
1166,sadness
1167,neutral
1168,neutral
1169,neutral
1170,neutral
1171,neutral
1172,neutral
1173,neutral
1174,neutral
1175,neutral
1176,non-neutral
1177,neutral
1178,joy
1179,surprise
1180,anger
1181,surprise
1182,neutral
1183,surprise
1184,neutral
1185,neutral
1186,surprise
1187,neutral
1188,neutral
1189,surprise
1190,joy
1191,anger
1192,neutral
1193,surprise
1194,joy
1195,neutral
1196,neutral
1197,neutral
1198,neutral
1199,non-neutral
1200,sadness
1201,neutral
1202,joy
1203,neutral
1204,neutral
1205,joy
1206,sadness
1207,neutral
1208,non-neutral
1209,joy
1210,neutral
1211,disgust
1212,neutral
1213,joy
1214,neutral
1215,neutral
1216,neutral
1217,neutral
1218,non-neutral
1219,neutral
1220,neutral
1221,neutral
1222,non-neutral
1223,non-neutral
1224,non-neutral
1225,neutral
1226,neutral
1227,non-neutral
1228,joy
1229,neutral
1230,non-neutral
1231,neutral
1232,surprise
1233,anger
1234,neutral
1235,non-neutral
1236,sadness
1237,non-neutral
1238,neutral
1239,neutral
1240,joy
1241,neutral
1242,neutral
1243,non-neutral
1244,anger
1245,neutral
1246,surprise
1247,neutral
1248,surprise
1249,non-neutral
1250,neutral
1251,neutral
1252,non-neutral
1253,sadness
1254,neutral
1255,neutral
1256,surprise
1257,non-neutral
1258,neutral
1259,joy
1260,neutral
1261,sadness
1262,non-neutral
1263,joy
1264,neutral
1265,surprise
1266,neutral
1267,non-neutral
1268,neutral
1269,surprise
1270,neutral
1271,neutral
1272,non-neutral
1273,joy
1274,neutral
1275,neutral
1276,neutral
1277,neutral
1278,neutral
1279,surprise
1280,neutral
1281,non-neutral
1282,neutral
1283,surprise
1284,neutral
1285,non-neutral
1286,neutral
1287,neutral
1288,neutral
1289,neutral
1290,neutral
1291,non-neutral
1292,surprise
1293,neutral
1294,surprise
1295,surprise
1296,neutral
1297,disgust
1298,neutral
1299,neutral
1300,joy
1301,neutral
1302,neutral
1303,joy
1304,neutral
1305,neutral
1306,neutral
1307,neutral
1308,neutral
1309,disgust
1310,surprise
1311,neutral
1312,neutral
1313,joy
1314,neutral
1315,neutral
1316,neutral
1317,neutral
1318,neutral
1319,neutral
1320,neutral
1321,neutral
1322,neutral
1323,neutral
1324,neutral
1325,neutral
1326,non-neutral
1327,neutral
1328,neutral
1329,neutral
1330,anger
1331,neutral
1332,neutral
1333,neutral
1334,disgust
1335,surprise
1336,surprise
1337,anger
1338,neutral
1339,neutral
1340,neutral
1341,neutral
1342,neutral
1343,anger
1344,sadness
1345,non-neutral
1346,surprise
1347,non-neutral
1348,neutral
1349,neutral
1350,neutral
1351,surprise
1352,neutral
1353,neutral
1354,disgust
1355,neutral
1356,neutral
1357,neutral
1358,neutral
1359,neutral
1360,neutral
1361,surprise
1362,neutral
1363,neutral
1364,neutral
1365,neutral
1366,neutral
1367,surprise
1368,joy
1369,non-neutral
1370,non-neutral
1371,joy
1372,neutral
1373,neutral
1374,neutral
1375,neutral
1376,surprise
1377,neutral
1378,joy
1379,neutral
1380,neutral
1381,neutral
1382,sadness
1383,neutral
1384,neutral
1385,non-neutral
1386,neutral
1387,surprise
1388,non-neutral
1389,neutral
1390,anger
1391,anger
1392,neutral
1393,non-neutral
1394,neutral
1395,joy
1396,neutral
1397,non-neutral
1398,non-neutral
1399,neutral
1400,neutral
1401,neutral
1402,surprise
1403,neutral
1404,surprise
1405,joy
1406,joy
1407,joy
1408,sadness
1409,surprise
1410,anger
1411,anger
1412,joy
1413,surprise
1414,surprise
1415,neutral
1416,neutral
1417,neutral
1418,neutral
1419,surprise
1420,fear
1421,surprise
1422,neutral
1423,non-neutral
1424,neutral
1425,neutral
1426,surprise
1427,neutral
1428,neutral
1429,joy
1430,neutral
1431,neutral
1432,neutral
1433,joy
1434,non-neutral
1435,neutral
1436,neutral
1437,surprise
1438,surprise
1439,joy
1440,joy
1441,neutral
1442,surprise
1443,neutral
1444,neutral
1445,sadness
1446,neutral
1447,neutral
1448,surprise
1449,neutral
1450,neutral
1451,neutral
1452,neutral
1453,neutral
1454,neutral
1455,surprise
1456,neutral
1457,non-neutral
1458,neutral
1459,neutral
1460,fear
1461,neutral
1462,non-neutral
1463,non-neutral
1464,fear
1465,neutral
1466,sadness
1467,surprise
1468,non-neutral
1469,non-neutral
1470,neutral
1471,neutral
1472,neutral
1473,joy
1474,neutral
1475,neutral
1476,neutral
1477,neutral
1478,neutral
1479,neutral
1480,neutral
1481,neutral
1482,neutral
1483,neutral
1484,anger
1485,neutral
1486,neutral
1487,neutral
1488,neutral
1489,neutral
1490,non-neutral
1491,neutral
1492,neutral
1493,neutral
1494,neutral
1495,neutral
1496,surprise
1497,neutral
1498,joy
1499,joy
1500,non-neutral
1501,surprise
1502,non-neutral
1503,neutral
1504,joy
1505,neutral
1506,neutral
1507,disgust
1508,surprise
1509,neutral
1510,surprise
1511,anger
1512,neutral
1513,neutral
1514,neutral
1515,neutral
1516,neutral
1517,neutral
1518,neutral
1519,neutral
1520,neutral
1521,neutral
1522,neutral
1523,sadness
1524,neutral
1525,neutral
1526,neutral
1527,joy
1528,neutral
1529,surprise
1530,neutral
1531,fear
1532,joy
1533,neutral
1534,non-neutral
1535,non-neutral
1536,neutral
1537,joy
1538,joy
1539,neutral
1540,neutral
1541,joy
1542,neutral
1543,neutral
1544,neutral
1545,surprise
1546,neutral
1547,neutral
1548,neutral
1549,neutral
1550,sadness
1551,non-neutral
1552,non-neutral
1553,neutral
1554,neutral
1555,surprise
1556,surprise
1557,anger
1558,anger
1559,non-neutral
1560,neutral
1561,non-neutral
1562,neutral
1563,surprise
1564,neutral
1565,neutral
1566,neutral
1567,neutral
1568,joy
1569,disgust
1570,joy
1571,surprise
1572,neutral
1573,neutral
1574,non-neutral
1575,surprise
1576,neutral
1577,neutral
1578,neutral
1579,neutral
1580,non-neutral
1581,neutral
1582,non-neutral
1583,surprise
1584,joy
1585,neutral
1586,joy
1587,joy
1588,sadness
1589,non-neutral
1590,joy
1591,joy
1592,neutral
1593,surprise
1594,neutral
1595,non-neutral
1596,neutral
1597,neutral
1598,non-neutral
1599,neutral
1600,neutral
1601,anger
1602,neutral
1603,neutral
1604,joy
1605,joy
1606,surprise
1607,joy
1608,neutral
1609,surprise
1610,surprise
1611,surprise
1612,anger
1613,neutral
1614,non-neutral
1615,non-neutral
1616,sadness
1617,neutral
1618,non-neutral
1619,neutral
1620,neutral
1621,neutral
1622,non-neutral
1623,non-neutral
1624,neutral
1625,neutral
1626,fear
1627,neutral
1628,neutral
1629,neutral
1630,neutral
1631,neutral
1632,surprise
1633,joy
1634,neutral
1635,non-neutral
1636,joy
1637,joy
1638,neutral
1639,neutral
1640,neutral
1641,fear
1642,neutral
1643,non-neutral
1644,neutral
1645,non-neutral
1646,neutral
1647,non-neutral
1648,neutral
1649,non-neutral
1650,non-neutral
1651,neutral
1652,sadness
1653,sadness
1654,neutral
1655,neutral
1656,non-neutral
1657,joy
1658,neutral
1659,neutral
1660,neutral
1661,neutral
1662,joy
1663,non-neutral
1664,non-neutral
1665,non-neutral
1666,neutral
1667,surprise
1668,neutral
1669,anger
1670,neutral
1671,sadness
1672,neutral
1673,surprise
1674,non-neutral
1675,neutral
1676,non-neutral
1677,anger
1678,joy
1679,surprise
1680,non-neutral
1681,neutral
1682,neutral
1683,non-neutral
1684,neutral
1685,neutral
1686,joy
1687,non-neutral
1688,neutral
1689,surprise
1690,neutral
1691,neutral
1692,neutral
1693,neutral
1694,neutral
1695,neutral
1696,disgust
1697,joy
1698,joy
1699,neutral
1700,joy
1701,neutral
1702,neutral
1703,neutral
1704,non-neutral
1705,neutral
1706,non-neutral
1707,neutral
1708,joy
1709,neutral
1710,neutral
1711,surprise
1712,joy
1713,neutral
1714,surprise
1715,neutral
1716,neutral
1717,neutral
1718,neutral
1719,neutral
1720,neutral
1721,joy
1722,neutral
1723,neutral
1724,neutral
1725,surprise
1726,neutral
1727,neutral
1728,neutral
1729,neutral
1730,disgust
1731,neutral
1732,non-neutral
1733,anger
1734,non-neutral
1735,neutral
1736,surprise
1737,neutral
1738,non-neutral
1739,neutral
1740,non-neutral
1741,neutral
1742,joy
1743,neutral
1744,joy
1745,neutral
1746,neutral
1747,joy
1748,neutral
1749,neutral
1750,non-neutral
1751,neutral
1752,neutral
1753,neutral
1754,neutral
1755,sadness
1756,joy
1757,neutral
1758,surprise
1759,surprise
1760,neutral
1761,neutral
1762,neutral
1763,joy
1764,neutral
1765,anger
1766,neutral
1767,joy
1768,non-neutral
1769,non-neutral
1770,neutral
1771,neutral
1772,joy
1773,joy
1774,neutral
1775,neutral
1776,neutral
1777,anger
1778,surprise
1779,neutral
1780,neutral
1781,surprise
1782,neutral
1783,joy
1784,joy
1785,neutral
1786,neutral
1787,neutral
1788,surprise
1789,neutral
1790,surprise
1791,surprise
1792,non-neutral
1793,neutral
1794,disgust
1795,non-neutral
1796,neutral
1797,neutral
1798,neutral
1799,neutral
1800,non-neutral
1801,neutral
1802,neutral
1803,surprise
1804,neutral
1805,non-neutral
1806,surprise
1807,non-neutral
1808,neutral
1809,neutral
1810,sadness
1811,disgust
1812,neutral
1813,fear
1814,surprise
1815,non-neutral
1816,surprise
1817,sadness
1818,joy
1819,anger
1820,neutral
1821,joy
1822,neutral
1823,neutral
1824,neutral
1825,neutral
1826,neutral
1827,joy
1828,neutral
1829,neutral
1830,neutral
1831,non-neutral
1832,joy
1833,anger
1834,neutral
1835,joy
1836,non-neutral
1837,non-neutral
1838,non-neutral
1839,non-neutral
1840,joy
1841,joy
1842,surprise
1843,neutral
1844,surprise
1845,neutral
1846,joy
1847,joy
1848,neutral
1849,surprise
1850,neutral
1851,non-neutral
1852,non-neutral
1853,neutral
1854,neutral
1855,non-neutral
1856,neutral
1857,sadness
1858,non-neutral
1859,neutral
1860,anger
1861,neutral
1862,surprise
1863,disgust
1864,non-neutral
1865,neutral
1866,neutral
1867,anger
1868,neutral
1869,neutral
1870,neutral
1871,neutral
1872,non-neutral
1873,neutral
1874,neutral
1875,joy
1876,neutral
1877,surprise
1878,neutral
1879,surprise
1880,neutral
1881,neutral
1882,neutral
1883,neutral
1884,surprise
1885,neutral
1886,non-neutral
1887,neutral
1888,non-neutral
1889,neutral
1890,neutral
1891,neutral
1892,joy
1893,neutral
1894,non-neutral
1895,surprise
1896,joy
1897,neutral
1898,neutral
1899,neutral
1900,joy
1901,non-neutral
1902,neutral
1903,non-neutral
1904,sadness
1905,neutral
1906,joy
1907,neutral
1908,surprise
1909,neutral
1910,neutral
1911,neutral
1912,neutral
1913,neutral
1914,neutral
1915,neutral
1916,neutral
1917,neutral
1918,neutral
1919,neutral
1920,neutral
1921,neutral
1922,neutral
1923,neutral
1924,joy
1925,neutral
1926,joy
1927,neutral
1928,joy
1929,non-neutral
1930,neutral
1931,surprise
1932,non-neutral
1933,surprise
1934,neutral
1935,sadness
1936,neutral
1937,neutral
1938,surprise
1939,neutral
1940,neutral
1941,disgust
1942,neutral
1943,neutral
1944,neutral
1945,joy
1946,joy
1947,neutral
1948,neutral
1949,neutral
1950,joy
1951,joy
1952,neutral
1953,non-neutral
1954,neutral
1955,neutral
1956,non-neutral
1957,neutral
1958,neutral
1959,non-neutral
1960,neutral
1961,neutral
1962,neutral
1963,surprise
1964,joy
1965,neutral
1966,neutral
1967,neutral
1968,neutral
1969,neutral
1970,neutral
1971,surprise
1972,neutral
1973,surprise
1974,neutral
1975,joy
1976,non-neutral
1977,neutral
1978,neutral
1979,non-neutral
1980,surprise
1981,joy
1982,non-neutral
1983,surprise
1984,neutral
1985,anger
1986,neutral
1987,neutral
1988,neutral
1989,neutral
1990,non-neutral
1991,neutral
1992,neutral
1993,neutral
1994,neutral
1995,neutral
1996,anger
1997,non-neutral
1998,neutral
1999,neutral
2000,surprise
2001,neutral
2002,neutral
2003,neutral
2004,joy
2005,neutral
2006,joy
2007,neutral
2008,non-neutral
2009,surprise
2010,anger
2011,neutral
2012,neutral
2013,non-neutral
2014,non-neutral
2015,surprise
2016,neutral
2017,anger
2018,non-neutral
2019,sadness
2020,neutral
2021,surprise
2022,neutral
2023,neutral
2024,neutral
2025,neutral
2026,non-neutral
2027,non-neutral
2028,neutral
2029,non-neutral
2030,non-neutral
2031,non-neutral
2032,neutral
2033,neutral
2034,sadness
2035,joy
2036,neutral
2037,non-neutral
2038,neutral
2039,neutral
2040,neutral
2041,joy
2042,neutral
2043,neutral
2044,sadness
2045,non-neutral
2046,non-neutral
2047,non-neutral
2048,neutral
2049,neutral
2050,neutral
2051,anger
2052,joy
2053,surprise
2054,neutral
2055,neutral
2056,neutral
2057,fear
2058,neutral
2059,neutral
2060,neutral
2061,neutral
2062,non-neutral
2063,neutral
2064,surprise
2065,neutral
2066,neutral
2067,surprise
2068,neutral
2069,neutral
2070,neutral
2071,neutral
2072,neutral
2073,neutral
2074,sadness
2075,anger
2076,surprise
2077,sadness
2078,non-neutral
2079,surprise
2080,neutral
2081,neutral
2082,surprise
2083,neutral
2084,neutral
2085,anger
2086,neutral
2087,neutral
2088,neutral
2089,neutral
2090,anger
2091,neutral
2092,neutral
2093,neutral
2094,non-neutral
2095,non-neutral
2096,neutral
2097,joy
2098,neutral
2099,neutral
2100,fear
2101,joy
2102,neutral
2103,neutral
2104,neutral
2105,neutral
2106,neutral
2107,non-neutral
2108,neutral
2109,neutral
2110,disgust
2111,surprise
2112,neutral
2113,sadness
2114,sadness
2115,neutral
2116,neutral
2117,anger
2118,anger
2119,surprise
2120,neutral
2121,joy
2122,neutral
2123,neutral
2124,non-neutral
2125,neutral
2126,neutral
2127,neutral
2128,non-neutral
2129,joy
2130,surprise
2131,neutral
2132,neutral
2133,non-neutral
2134,non-neutral
2135,joy
2136,surprise
2137,anger
2138,surprise
2139,non-neutral
2140,neutral
2141,neutral
2142,joy
2143,surprise
2144,surprise
2145,neutral
2146,neutral
2147,neutral
2148,non-neutral
2149,neutral
2150,neutral
2151,surprise
2152,neutral
2153,surprise
2154,surprise
2155,neutral
2156,neutral
2157,non-neutral
2158,neutral
2159,neutral
2160,anger
2161,neutral
2162,neutral
2163,neutral
2164,joy
2165,joy
2166,fear
2167,fear
2168,non-neutral
2169,non-neutral
2170,disgust
2171,joy
2172,neutral
2173,surprise
2174,neutral
2175,neutral
2176,neutral
2177,neutral
2178,neutral
2179,non-neutral
2180,neutral
2181,neutral
2182,sadness
2183,joy
2184,neutral
2185,non-neutral
2186,non-neutral
2187,joy
2188,surprise
2189,non-neutral
2190,non-neutral
2191,neutral
2192,neutral
2193,neutral
2194,neutral
2195,neutral
2196,neutral
2197,surprise
2198,neutral
2199,fear
2200,joy
2201,neutral
2202,neutral
2203,neutral
2204,neutral
2205,neutral
2206,surprise
2207,joy
2208,neutral
2209,neutral
2210,surprise
2211,neutral
2212,sadness
2213,sadness
2214,surprise
2215,anger
2216,neutral
2217,neutral
2218,neutral
2219,surprise
2220,neutral
2221,surprise
2222,neutral
2223,neutral
2224,neutral
2225,neutral
2226,neutral
2227,neutral
2228,surprise
2229,neutral
2230,neutral
2231,neutral
2232,neutral
2233,neutral
2234,non-neutral
2235,non-neutral
2236,non-neutral
2237,neutral
2238,non-neutral
2239,sadness
2240,neutral
2241,non-neutral
2242,neutral
2243,neutral
2244,sadness
2245,neutral
2246,neutral
2247,neutral
2248,surprise
2249,neutral
2250,sadness
2251,neutral
2252,joy
2253,neutral
2254,joy
2255,neutral
2256,neutral
2257,neutral
2258,non-neutral
2259,joy
2260,neutral
2261,neutral
2262,disgust
2263,neutral
2264,neutral
2265,surprise
2266,neutral
2267,surprise
2268,neutral
2269,joy
2270,non-neutral
2271,neutral
2272,surprise
2273,neutral
2274,neutral
2275,anger
2276,neutral
2277,surprise
2278,neutral
2279,neutral
2280,surprise
2281,neutral
2282,neutral
2283,neutral
2284,anger
2285,anger
2286,anger
2287,neutral
2288,neutral
2289,neutral
2290,non-neutral
2291,joy
2292,neutral
2293,neutral
2294,non-neutral
2295,neutral
2296,neutral
2297,neutral
2298,joy
2299,neutral
2300,neutral
2301,neutral
2302,joy
2303,neutral
2304,non-neutral
2305,joy
2306,neutral
2307,non-neutral
2308,sadness
2309,surprise
2310,disgust
2311,neutral
2312,neutral
2313,non-neutral
2314,neutral
2315,non-neutral
2316,neutral
2317,surprise
2318,neutral
2319,neutral
2320,surprise
2321,neutral
2322,neutral
2323,joy
2324,surprise
2325,surprise
2326,neutral
2327,surprise
2328,neutral
2329,neutral
2330,neutral
2331,neutral
2332,neutral
2333,joy
2334,joy
2335,surprise
2336,neutral
2337,neutral
2338,neutral
2339,neutral
2340,neutral
2341,surprise
2342,joy
2343,neutral
2344,surprise
2345,neutral
2346,neutral
2347,neutral
2348,joy
2349,neutral
2350,neutral
2351,non-neutral
2352,neutral
2353,surprise
2354,neutral
2355,joy
2356,neutral
2357,neutral
2358,non-neutral
2359,surprise
2360,neutral
2361,neutral
2362,neutral
2363,joy
2364,joy
2365,joy
2366,surprise
2367,neutral
2368,surprise
2369,neutral
2370,neutral
2371,neutral
2372,neutral
2373,neutral
2374,neutral
2375,non-neutral
2376,non-neutral
2377,non-neutral
2378,neutral
2379,anger
2380,non-neutral
2381,non-neutral
2382,sadness
2383,neutral
2384,neutral
2385,neutral
2386,neutral
2387,non-neutral
2388,surprise
2389,neutral
2390,non-neutral
2391,neutral
2392,neutral
2393,neutral
2394,neutral
2395,non-neutral
2396,neutral
2397,neutral
2398,neutral
2399,non-neutral
2400,non-neutral
2401,neutral
2402,sadness
2403,non-neutral
2404,non-neutral
2405,neutral
2406,joy
2407,neutral
2408,neutral
2409,surprise
2410,disgust
2411,joy
2412,neutral
2413,neutral
2414,neutral
2415,joy
2416,neutral
2417,neutral
2418,neutral
2419,surprise
2420,neutral
2421,neutral
2422,neutral
2423,neutral
2424,surprise
2425,sadness
2426,surprise
2427,neutral
2428,neutral
2429,neutral
2430,neutral
2431,neutral
2432,neutral
2433,neutral
2434,anger
2435,joy
2436,neutral
2437,joy
2438,neutral
2439,neutral
2440,non-neutral
2441,neutral
2442,non-neutral
2443,sadness
2444,non-neutral
2445,non-neutral
2446,joy
2447,non-neutral
2448,neutral
2449,non-neutral
2450,sadness
2451,non-neutral
2452,sadness
2453,joy
2454,surprise
2455,neutral
2456,non-neutral
2457,neutral
2458,surprise
2459,joy
2460,neutral
2461,neutral
2462,non-neutral
2463,neutral
2464,neutral
2465,neutral
2466,surprise
2467,non-neutral
2468,surprise
2469,non-neutral
2470,neutral
2471,sadness
2472,neutral
2473,non-neutral
2474,neutral
2475,non-neutral
2476,neutral
2477,joy
2478,surprise
2479,neutral
2480,neutral
2481,neutral
2482,neutral
2483,non-neutral
2484,neutral
2485,neutral
2486,neutral
2487,neutral
2488,neutral
2489,sadness
2490,neutral
2491,neutral
2492,non-neutral
2493,neutral
2494,neutral
2495,non-neutral
2496,neutral
2497,neutral
2498,sadness
2499,neutral
2500,neutral
2501,sadness
2502,surprise
2503,neutral
2504,neutral
2505,neutral
2506,neutral
2507,joy
2508,neutral
2509,neutral
2510,joy
2511,neutral
2512,sadness
2513,joy
2514,joy
2515,joy
2516,disgust
2517,sadness
2518,neutral
2519,neutral
2520,sadness
2521,neutral
2522,joy
2523,anger
2524,neutral
2525,surprise
2526,non-neutral
2527,sadness
2528,neutral
2529,neutral
2530,neutral
2531,sadness
2532,neutral
2533,non-neutral
2534,sadness
2535,neutral
2536,surprise
2537,surprise
2538,neutral
2539,neutral
2540,joy
2541,neutral
2542,joy
2543,non-neutral
2544,neutral
2545,non-neutral
2546,neutral
2547,surprise
2548,neutral
2549,joy
2550,anger
2551,neutral
2552,surprise
2553,neutral
2554,joy
2555,joy
2556,fear
2557,neutral
2558,disgust
2559,surprise
2560,neutral
2561,neutral
2562,non-neutral
2563,neutral
2564,neutral
2565,neutral
2566,neutral
2567,neutral
2568,neutral
2569,neutral
2570,non-neutral
2571,disgust
2572,surprise
2573,joy
2574,neutral
2575,neutral
2576,disgust
2577,neutral
2578,non-neutral
2579,neutral
2580,neutral
2581,non-neutral
2582,non-neutral
2583,joy
2584,sadness
2585,neutral
2586,neutral
2587,non-neutral
2588,sadness
2589,neutral
2590,non-neutral
2591,neutral
2592,neutral
2593,joy
2594,surprise
2595,surprise
2596,neutral
2597,anger
2598,non-neutral
2599,neutral
2600,joy
2601,neutral
2602,sadness
2603,neutral
2604,neutral
2605,non-neutral
2606,neutral
2607,surprise
2608,surprise
2609,sadness
2610,neutral
2611,surprise
2612,neutral
2613,joy
2614,neutral
2615,non-neutral
2616,joy
2617,neutral
2618,neutral
2619,anger
2620,neutral
2621,neutral
2622,anger
2623,neutral
2624,fear
2625,surprise
2626,non-neutral
2627,neutral
2628,surprise
2629,neutral
2630,surprise
2631,surprise
2632,surprise
2633,joy
2634,neutral
2635,neutral
2636,neutral
2637,neutral
2638,sadness
2639,surprise
2640,non-neutral
2641,non-neutral
2642,surprise
2643,neutral
2644,non-neutral
2645,joy
2646,non-neutral
2647,neutral
2648,neutral
2649,neutral
2650,anger
2651,anger
2652,anger
2653,anger
2654,anger
2655,non-neutral
2656,non-neutral
2657,neutral
2658,neutral
2659,neutral
2660,neutral
2661,neutral
2662,neutral
2663,non-neutral
2664,disgust
2665,joy
2666,joy
2667,surprise
2668,surprise
2669,joy
2670,neutral
2671,neutral
2672,non-neutral
2673,neutral
2674,surprise
2675,neutral
2676,non-neutral
2677,surprise
2678,surprise
2679,non-neutral
2680,disgust
2681,sadness
2682,neutral
2683,non-neutral
2684,neutral
2685,neutral
2686,neutral
2687,neutral
2688,neutral
2689,neutral
2690,joy
2691,joy
2692,surprise
2693,neutral
2694,neutral
2695,surprise
2696,surprise
2697,neutral
2698,neutral
2699,neutral
2700,non-neutral
2701,non-neutral
2702,neutral
2703,neutral
2704,neutral
2705,neutral
2706,neutral
2707,neutral
2708,disgust
2709,non-neutral
2710,anger
2711,surprise
2712,sadness
2713,neutral
2714,neutral
2715,neutral
2716,surprise
2717,neutral
2718,neutral
2719,neutral
2720,neutral
2721,neutral
2722,disgust
2723,joy
2724,fear
2725,neutral
2726,neutral
2727,neutral
2728,non-neutral
2729,non-neutral
2730,joy
2731,neutral
2732,neutral
2733,surprise
2734,neutral
2735,joy
2736,joy
2737,neutral
2738,neutral
2739,surprise
2740,neutral
2741,neutral
2742,neutral
2743,sadness
2744,sadness
2745,neutral
2746,sadness
2747,joy
2748,joy
2749,neutral
2750,neutral
2751,neutral
2752,anger
2753,surprise
2754,neutral
2755,neutral
2756,neutral
2757,non-neutral
2758,anger
2759,joy
2760,non-neutral
2761,anger
2762,non-neutral
2763,neutral
2764,neutral
2765,joy
2766,surprise
2767,non-neutral
2768,surprise
2769,neutral
2770,joy
2771,neutral
2772,neutral
2773,joy
2774,surprise
2775,neutral
2776,neutral
2777,neutral
2778,neutral
2779,sadness
2780,neutral
2781,neutral
2782,neutral
2783,neutral
2784,surprise
2785,anger
2786,neutral
2787,neutral
2788,sadness
2789,neutral
2790,joy
2791,neutral
2792,neutral
2793,neutral
2794,fear
2795,neutral
2796,neutral
2797,non-neutral
2798,surprise
2799,surprise
2800,neutral
2801,sadness
2802,neutral
2803,neutral
2804,neutral
2805,neutral
2806,neutral
2807,neutral
2808,surprise
2809,joy
2810,neutral
2811,surprise
2812,neutral
2813,non-neutral
2814,joy
2815,neutral
2816,joy
2817,neutral
2818,neutral
2819,surprise
2820,neutral
2821,surprise
2822,neutral
2823,non-neutral
2824,neutral
2825,neutral
2826,non-neutral
2827,surprise
2828,non-neutral
2829,neutral
2830,surprise
2831,neutral
2832,neutral
2833,neutral
2834,neutral
2835,neutral
2836,surprise
2837,neutral
2838,neutral
2839,surprise
2840,surprise
2841,neutral
2842,neutral
2843,non-neutral
2844,surprise
2845,neutral
2846,non-neutral
2847,neutral
2848,neutral
2849,non-neutral
2850,neutral
2851,surprise
2852,neutral
2853,neutral
2854,non-neutral
2855,joy
2856,non-neutral
2857,sadness
2858,non-neutral
2859,non-neutral
2860,neutral
2861,anger
2862,neutral
2863,neutral
2864,neutral
2865,neutral
2866,neutral
2867,non-neutral
2868,neutral
2869,neutral
2870,neutral
2871,neutral
2872,non-neutral
2873,non-neutral
2874,anger
2875,disgust
2876,joy
2877,neutral
2878,neutral
2879,neutral
2880,neutral
2881,neutral
2882,neutral
2883,neutral
2884,neutral
2885,non-neutral
2886,non-neutral
2887,joy
2888,joy
2889,neutral
2890,neutral
2891,joy
2892,joy
2893,neutral
2894,neutral
2895,neutral
2896,neutral
2897,neutral
2898,sadness
2899,neutral
2900,neutral
2901,neutral
2902,neutral
2903,neutral
2904,neutral
2905,neutral
2906,neutral
2907,neutral
2908,joy
2909,anger
2910,surprise
2911,neutral
2912,surprise
2913,neutral
2914,neutral
2915,surprise
2916,neutral
2917,surprise
2918,neutral
2919,neutral
2920,neutral
2921,neutral
2922,sadness
2923,neutral
2924,non-neutral
2925,joy
2926,neutral
2927,joy
2928,joy
2929,neutral
2930,fear
2931,joy
2932,neutral
2933,non-neutral
2934,joy
2935,surprise
2936,neutral
2937,non-neutral
2938,non-neutral
2939,neutral
2940,neutral
2941,joy
2942,neutral
2943,anger
2944,neutral
2945,neutral
2946,sadness
2947,neutral
2948,joy
2949,non-neutral
2950,surprise
2951,surprise
2952,non-neutral
2953,joy
2954,neutral
2955,neutral
2956,anger
2957,neutral
2958,anger
2959,neutral
2960,joy
2961,neutral
2962,surprise
2963,neutral
2964,neutral
2965,disgust
2966,non-neutral
2967,neutral
2968,joy
2969,non-neutral
2970,neutral
2971,neutral
2972,neutral
2973,joy
2974,non-neutral
2975,neutral
2976,neutral
2977,neutral
2978,disgust
2979,disgust
2980,surprise
2981,non-neutral
2982,neutral
2983,neutral
2984,surprise
2985,non-neutral
2986,surprise
2987,sadness
2988,joy
2989,neutral
2990,neutral
2991,neutral
2992,neutral
2993,neutral
2994,neutral
2995,neutral
2996,neutral
2997,disgust
2998,neutral
2999,surprise
3000,neutral
3001,joy
3002,surprise
3003,anger
3004,neutral
3005,neutral
3006,neutral
3007,neutral
3008,neutral
3009,neutral
3010,neutral
3011,non-neutral
3012,neutral
3013,surprise
3014,neutral
3015,non-neutral
3016,neutral
3017,anger
3018,fear
3019,surprise
3020,disgust
3021,neutral
3022,neutral
3023,neutral
3024,neutral
3025,neutral
3026,neutral
3027,neutral
3028,neutral
3029,anger
3030,neutral
3031,non-neutral
3032,neutral
3033,sadness
3034,neutral
3035,neutral
3036,non-neutral
3037,non-neutral
3038,neutral
3039,surprise
3040,neutral
3041,surprise
3042,non-neutral
3043,neutral
3044,neutral
3045,neutral
3046,disgust
3047,neutral
3048,neutral
3049,sadness
3050,neutral
3051,non-neutral
3052,surprise
3053,neutral
3054,neutral
3055,non-neutral
3056,non-neutral
3057,non-neutral
3058,joy
3059,surprise
3060,neutral
3061,non-neutral
3062,non-neutral
3063,joy
3064,neutral
3065,neutral
3066,neutral
3067,anger
3068,neutral
3069,neutral
3070,neutral
3071,neutral
3072,fear
3073,neutral
3074,neutral
3075,neutral
3076,surprise
3077,non-neutral
3078,surprise
3079,joy
3080,joy
3081,non-neutral
3082,joy
3083,neutral
3084,neutral
3085,neutral
3086,joy
3087,surprise
3088,surprise
3089,neutral
3090,neutral
3091,non-neutral
3092,surprise
3093,non-neutral
3094,neutral
3095,joy
3096,neutral
3097,neutral
3098,joy
3099,neutral
3100,surprise
3101,surprise
3102,neutral
3103,neutral
3104,surprise
3105,surprise
3106,surprise
3107,neutral
3108,non-neutral
3109,neutral
3110,surprise
3111,non-neutral
3112,surprise
3113,neutral
3114,non-neutral
3115,surprise
3116,neutral
3117,neutral
3118,neutral
3119,anger
3120,neutral
3121,neutral
3122,neutral
3123,neutral
3124,neutral
3125,neutral
3126,neutral
3127,neutral
3128,neutral
3129,neutral
3130,neutral
3131,surprise
3132,neutral
3133,neutral
3134,neutral
3135,neutral
3136,neutral
3137,joy
3138,neutral
3139,neutral
3140,neutral
3141,neutral
3142,neutral
3143,neutral
3144,neutral
3145,neutral
3146,neutral
3147,neutral
3148,joy
3149,neutral
3150,neutral
3151,disgust
3152,neutral
3153,disgust
3154,neutral
3155,non-neutral
3156,non-neutral
3157,neutral
3158,non-neutral
3159,anger
3160,non-neutral
3161,neutral
3162,neutral
3163,neutral
3164,non-neutral
3165,neutral
3166,neutral
3167,neutral
3168,neutral
3169,surprise
3170,non-neutral
3171,neutral
3172,neutral
3173,neutral
3174,neutral
3175,joy
3176,disgust
3177,disgust
3178,joy
3179,joy
3180,neutral
3181,neutral
3182,joy
3183,neutral
3184,neutral
3185,neutral
3186,non-neutral
3187,disgust
3188,neutral
3189,neutral
3190,non-neutral
3191,joy
3192,neutral
3193,non-neutral
3194,neutral
3195,neutral
3196,neutral
3197,neutral
3198,neutral
3199,neutral
3200,neutral
3201,neutral
3202,neutral
3203,joy
3204,neutral
3205,non-neutral
3206,neutral
3207,surprise
3208,neutral
3209,non-neutral
3210,neutral
3211,neutral
3212,non-neutral
3213,sadness
3214,non-neutral
3215,neutral
3216,neutral
3217,neutral
3218,neutral
3219,surprise
3220,neutral
3221,anger
3222,neutral
3223,non-neutral
3224,neutral
3225,neutral
3226,fear
3227,neutral
3228,neutral
3229,neutral
3230,sadness
3231,neutral
3232,non-neutral
3233,non-neutral
3234,fear
3235,neutral
3236,non-neutral
3237,surprise
3238,neutral
3239,non-neutral
3240,non-neutral
3241,surprise
3242,neutral
3243,neutral
3244,neutral
3245,neutral
3246,neutral
3247,neutral
3248,neutral
3249,neutral
3250,neutral
3251,joy
3252,neutral
3253,neutral
3254,non-neutral
3255,surprise
3256,non-neutral
3257,neutral
3258,neutral
3259,neutral
3260,neutral
3261,neutral
3262,neutral
3263,neutral
3264,sadness
3265,non-neutral
3266,neutral
3267,non-neutral
3268,surprise
3269,neutral
3270,surprise
3271,joy
3272,neutral
3273,joy
3274,surprise
3275,neutral
3276,neutral
3277,neutral
3278,neutral
3279,surprise
3280,surprise
3281,surprise
3282,neutral
3283,non-neutral
3284,neutral
3285,neutral
3286,neutral
3287,neutral
3288,neutral
3289,neutral
3290,joy
3291,neutral
3292,neutral
3293,neutral
3294,neutral
3295,neutral
